method,split,AUUC_version,AUUC,AUUC_thout,AUUC_emp
RAND,0,AUUC_cr_V1,962.8062944341905,562.5000000010282,950.9160430490651
RAND,0,AUUC_cr_V2,962.8062944342164,562.5000000010332,950.916043049041
RAND,0,AUUC_cr_V1V2(0.5),962.8062944342091,562.5000000010241,950.9160430490501
Oracle,0,AUUC_cr_V1,1300.3872427058045,893.749999998135,1344.8080665348573
Oracle,0,AUUC_cr_V2,1291.0860169733899,893.7499999981395,1194.7610532794502
Oracle,0,AUUC_cr_V1V2(0.5),1295.7366298395968,893.7499999981317,1269.7845599071625
NO0.1,0,AUUC_cr_V1,1283.3177707484238,891.2499999977309,1335.8838289725995
NO0.1,0,AUUC_cr_V2,1288.1808067783525,891.2499999977356,1150.6061532413007
NO0.1,0,AUUC_cr_V1V2(0.5),1285.749288763388,891.2499999977277,1243.2449911069589
NO0.5,0,AUUC_cr_V1,1264.9868111055491,851.2500000011081,1260.465454914369
NO0.5,0,AUUC_cr_V2,994.6401702179734,851.2500000011123,941.8911315671508
NO0.5,0,AUUC_cr_V1V2(0.5),1129.8134906617588,851.2500000011053,1101.1782932407677
NO1.0,0,AUUC_cr_V1,1189.2560676209457,806.2499999989168,1195.761884207133
NO1.0,0,AUUC_cr_V2,1005.9635963698959,806.2499999989224,933.3548664211661
NO1.0,0,AUUC_cr_V1V2(0.5),1097.6098319954178,806.2499999989146,1064.5583753141568
NO2.0,0,AUUC_cr_V1,1180.7974994781196,768.7500000001036,1154.8107246421803
NO2.0,0,AUUC_cr_V2,996.8922281040491,768.7500000001089,918.0187529792933
NO2.0,0,AUUC_cr_V1V2(0.5),1088.8448637910808,768.7500000001013,1036.4147388107428
RAND,1,AUUC_cr_V1,918.6738295360747,562.5000000007922,950.9160430490651
RAND,1,AUUC_cr_V2,918.6738295360556,562.500000000804,950.916043049041
RAND,1,AUUC_cr_V1V2(0.5),918.6738295360628,562.5000000007967,950.9160430490501
Oracle,1,AUUC_cr_V1,1315.6687050154947,893.7499999978745,1344.8080665348573
Oracle,1,AUUC_cr_V2,1243.4436855437925,893.7499999978907,1194.7610532794502
Oracle,1,AUUC_cr_V1V2(0.5),1279.556195279646,893.7499999978734,1269.7845599071625
NO0.1,1,AUUC_cr_V1,1315.6687050154947,893.7499999978745,1344.8080665348573
NO0.1,1,AUUC_cr_V2,1243.4436855437925,893.7499999978907,1194.7610532794502
NO0.1,1,AUUC_cr_V1V2(0.5),1279.556195279646,893.7499999978734,1269.7845599071625
NO0.5,1,AUUC_cr_V1,1382.7376454470282,871.2499999964049,1349.344589532495
NO0.5,1,AUUC_cr_V2,1212.5591484970362,871.2499999964224,1222.6164047669997
NO0.5,1,AUUC_cr_V1V2(0.5),1297.648396972034,871.2499999964054,1285.9804971497567
NO1.0,1,AUUC_cr_V1,1302.9934106978044,801.2499999971157,1233.0305854716505
NO1.0,1,AUUC_cr_V2,1091.0939663609417,801.2499999971304,1225.9451113957139
NO1.0,1,AUUC_cr_V1V2(0.5),1197.0436885293752,801.2499999971163,1229.4878484336914
NO2.0,1,AUUC_cr_V1,1318.5352621824843,768.7499999963796,1221.792160269926
NO2.0,1,AUUC_cr_V2,1132.603425586359,768.7499999963964,1297.607681326608
NO2.0,1,AUUC_cr_V1V2(0.5),1225.5693438844235,768.7499999963813,1259.6999207982758
RAND,2,AUUC_cr_V1,1037.744789467621,562.5000000010759,950.9160430490651
RAND,2,AUUC_cr_V2,1037.7447894676006,562.5000000010914,950.916043049041
RAND,2,AUUC_cr_V1V2(0.5),1037.7447894676043,562.5000000010714,950.9160430490501
Oracle,2,AUUC_cr_V1,1570.2163035844858,893.7499999981559,1344.8080665348573
Oracle,2,AUUC_cr_V2,1217.399531374059,893.7499999981673,1194.7610532794502
Oracle,2,AUUC_cr_V1V2(0.5),1393.8079174792686,893.7499999981517,1269.7845599071625
NO0.1,2,AUUC_cr_V1,1570.7322046974025,886.249999997101,1334.1246616232254
NO0.1,2,AUUC_cr_V2,1319.1729820192431,886.2499999971122,1162.9098234017702
NO0.1,2,AUUC_cr_V1V2(0.5),1444.9525933583197,886.2499999970967,1248.517242512506
NO0.5,2,AUUC_cr_V1,1543.6918775188815,846.2499999974302,1302.183886539352
NO0.5,2,AUUC_cr_V2,1399.4768260834724,846.249999997441,1172.183076118847
NO0.5,2,AUUC_cr_V1V2(0.5),1471.5843518011752,846.2499999974259,1237.1834813291064
NO1.0,2,AUUC_cr_V1,1527.3247327006695,818.7499999946684,1310.8501164034528
NO1.0,2,AUUC_cr_V2,1539.6887548218062,818.7499999946806,1226.1727724612706
NO1.0,2,AUUC_cr_V1V2(0.5),1533.5067437612367,818.7499999946655,1268.5114444323683
NO2.0,2,AUUC_cr_V1,1413.4437894687744,738.749999991862,1246.7892546961486
NO2.0,2,AUUC_cr_V2,1640.9770457774562,738.7499999918756,1185.9950211428957
NO2.0,2,AUUC_cr_V1V2(0.5),1527.210417623114,738.7499999918601,1216.3921379195285
RAND,3,AUUC_cr_V1,1094.2438856684776,562.5000000008849,950.9160430490651
RAND,3,AUUC_cr_V2,1094.2438856685076,562.5000000008804,950.916043049041
RAND,3,AUUC_cr_V1V2(0.5),1094.2438856684785,562.5000000008913,950.9160430490501
Oracle,3,AUUC_cr_V1,1463.7101148359036,893.7499999979581,1344.8080665348573
Oracle,3,AUUC_cr_V2,1357.1617076392338,893.749999997962,1194.7610532794502
Oracle,3,AUUC_cr_V1V2(0.5),1410.4359112375603,893.7499999979584,1269.7845599071625
NO0.1,3,AUUC_cr_V1,1463.7101148359036,893.7499999979581,1344.8080665348573
NO0.1,3,AUUC_cr_V2,1357.1617076392338,893.749999997962,1194.7610532794502
NO0.1,3,AUUC_cr_V1V2(0.5),1410.4359112375603,893.7499999979584,1269.7845599071625
NO0.5,3,AUUC_cr_V1,1444.1045311411801,886.2499999979318,1325.0873253878297
NO0.5,3,AUUC_cr_V2,1321.5636127052526,886.249999997937,1164.4227162380719
NO0.5,3,AUUC_cr_V1V2(0.5),1382.8340719232087,886.249999997932,1244.7550208129599
NO1.0,3,AUUC_cr_V1,1408.6012900257745,851.2499999950546,1288.4915393467559
NO1.0,3,AUUC_cr_V2,1435.0948224297447,851.2499999950609,1245.766792814653
NO1.0,3,AUUC_cr_V1V2(0.5),1421.8480562277518,851.2499999950545,1267.1291660807146
NO2.0,3,AUUC_cr_V1,1416.597675474749,836.2499999932851,1277.945432507487
NO2.0,3,AUUC_cr_V2,1216.9970370992764,836.2499999932929,1160.5417288979656
NO2.0,3,AUUC_cr_V1V2(0.5),1316.7973562870054,836.2499999932857,1219.2435807027366
RAND,4,AUUC_cr_V1,1175.433946783694,562.5000000009877,950.9160430490651
RAND,4,AUUC_cr_V2,1175.4339467837126,562.5000000009713,950.916043049041
RAND,4,AUUC_cr_V1V2(0.5),1175.4339467836944,562.5000000009768,950.9160430490501
Oracle,4,AUUC_cr_V1,1506.602994492208,893.7499999980499,1344.8080665348573
Oracle,4,AUUC_cr_V2,1263.325068773835,893.7499999980505,1194.7610532794502
Oracle,4,AUUC_cr_V1V2(0.5),1384.9640316330176,893.7499999980449,1269.7845599071625
NO0.1,4,AUUC_cr_V1,1506.602994492208,893.7499999980499,1344.8080665348573
NO0.1,4,AUUC_cr_V2,1263.325068773835,893.7499999980505,1194.7610532794502
NO0.1,4,AUUC_cr_V1V2(0.5),1384.9640316330176,893.7499999980449,1269.7845599071625
NO0.5,4,AUUC_cr_V1,1400.8315928479901,853.7499999966586,1292.328700627539
NO0.5,4,AUUC_cr_V2,1460.8920683746808,853.7499999966593,1257.0728072313723
NO0.5,4,AUUC_cr_V1V2(0.5),1430.8618306113315,853.7499999966565,1274.7007539294639
NO1.0,4,AUUC_cr_V1,1348.8192348432383,806.2499999961636,1229.0900831406907
NO1.0,4,AUUC_cr_V2,1522.7224975880051,806.2499999961623,1132.7051273963762
NO1.0,4,AUUC_cr_V1V2(0.5),1435.7708662156167,806.249999996162,1180.8976052685407
NO2.0,4,AUUC_cr_V1,1315.714093797844,746.2499999967974,1174.3091460805117
NO2.0,4,AUUC_cr_V2,1472.6185188271195,746.2499999967939,1041.408292218516
NO2.0,4,AUUC_cr_V1V2(0.5),1394.1663063124756,746.249999996795,1107.8587191495196
RAND,5,AUUC_cr_V1,1015.7730068110877,562.5000000009936,950.9160430490651
RAND,5,AUUC_cr_V2,1015.7730068110577,562.5000000010186,950.916043049041
RAND,5,AUUC_cr_V1V2(0.5),1015.7730068110777,562.500000000995,950.9160430490501
Oracle,5,AUUC_cr_V1,1313.5470095435348,893.7499999981346,1344.8080665348573
Oracle,5,AUUC_cr_V2,1684.9192568638844,893.749999998152,1194.7610532794502
Oracle,5,AUUC_cr_V1V2(0.5),1499.2331332037177,893.749999998139,1269.7845599071625
NO0.1,5,AUUC_cr_V1,1313.5470095435348,893.7499999981346,1344.8080665348573
NO0.1,5,AUUC_cr_V2,1684.9192568638844,893.749999998152,1194.7610532794502
NO0.1,5,AUUC_cr_V1V2(0.5),1499.2331332037177,893.749999998139,1269.7845599071625
NO0.5,5,AUUC_cr_V1,1283.6245119713037,871.2499999964529,1300.3074195574857
NO0.5,5,AUUC_cr_V2,1627.0777244309347,871.2499999964676,1258.3755674665308
NO0.5,5,AUUC_cr_V1V2(0.5),1455.3511182011277,871.2499999964563,1279.3414935120175
NO1.0,5,AUUC_cr_V1,1170.3942533918057,813.7499999956169,1193.8668670181137
NO1.0,5,AUUC_cr_V2,1531.230386189689,813.74999999563,1238.167377403056
NO1.0,5,AUUC_cr_V1V2(0.5),1350.8123197907564,813.7499999956208,1216.0171222105937
NO2.0,5,AUUC_cr_V1,1114.338316260408,793.7499999958764,1155.721787784544
NO2.0,5,AUUC_cr_V2,1397.4863895677865,793.7499999958892,1158.1301735678503
NO2.0,5,AUUC_cr_V1V2(0.5),1255.9123529141068,793.7499999958798,1156.9259806762057
RAND,6,AUUC_cr_V1,992.8032760404708,562.500000000925,950.9160430490651
RAND,6,AUUC_cr_V2,992.803276040464,562.5000000009204,950.916043049041
RAND,6,AUUC_cr_V1V2(0.5),992.8032760404767,562.5000000009295,950.9160430490501
Oracle,6,AUUC_cr_V1,1334.2285368275327,893.7499999979794,1344.8080665348573
Oracle,6,AUUC_cr_V2,792.8010522252126,893.7499999979831,1194.7610532794502
Oracle,6,AUUC_cr_V1V2(0.5),1063.5147945263757,893.749999997983,1269.7845599071625
NO0.1,6,AUUC_cr_V1,1334.2285368275327,893.7499999979794,1344.8080665348573
NO0.1,6,AUUC_cr_V2,792.8010522252126,893.7499999979831,1194.7610532794502
NO0.1,6,AUUC_cr_V1V2(0.5),1063.5147945263757,893.749999997983,1269.7845599071625
NO0.5,6,AUUC_cr_V1,1210.4427661626316,818.7499999911926,1290.6929155586308
NO0.5,6,AUUC_cr_V2,1059.610891119116,818.7499999911998,1471.9144665828276
NO0.5,6,AUUC_cr_V1V2(0.5),1135.0268286408789,818.7499999911962,1381.303691070738
NO1.0,6,AUUC_cr_V1,1143.760468773653,781.2499999873734,1282.9136191168907
NO1.0,6,AUUC_cr_V2,1241.8744760428135,781.2499999873813,1461.4737306798918
NO1.0,6,AUUC_cr_V1V2(0.5),1192.8174724082403,781.2499999873767,1372.1936748984006
NO2.0,6,AUUC_cr_V1,1111.4260440729495,751.2499999868825,1249.1019983314443
NO2.0,6,AUUC_cr_V2,1305.1158302030442,751.2499999868902,1496.924866142135
NO2.0,6,AUUC_cr_V1V2(0.5),1208.2709371380035,751.2499999868855,1373.0134322367987
RAND,7,AUUC_cr_V1,948.428130329693,562.5000000010623,950.9160430490651
RAND,7,AUUC_cr_V2,948.4281303296848,562.5000000010732,950.916043049041
RAND,7,AUUC_cr_V1V2(0.5),948.4281303296812,562.5000000010605,950.9160430490501
Oracle,7,AUUC_cr_V1,1510.157819404657,893.7499999981526,1344.8080665348573
Oracle,7,AUUC_cr_V2,1357.659544814141,893.7499999981574,1194.7610532794502
Oracle,7,AUUC_cr_V1V2(0.5),1433.9086821093897,893.7499999981429,1269.7845599071625
NO0.1,7,AUUC_cr_V1,1502.4015599874492,891.249999997731,1335.8838289725995
NO0.1,7,AUUC_cr_V2,1356.4029005640186,891.249999997736,1150.6061532413007
NO0.1,7,AUUC_cr_V1V2(0.5),1429.4022302757246,891.2499999977215,1243.2449911069589
NO0.5,7,AUUC_cr_V1,1452.7642367695585,876.2499999965577,1305.4173765357832
NO0.5,7,AUUC_cr_V2,1353.8288020088776,876.2499999965632,1088.3034142276376
NO0.5,7,AUUC_cr_V1V2(0.5),1403.296519389209,876.2499999965485,1196.860395381719
NO1.0,7,AUUC_cr_V1,1414.4653397862082,856.2499999947278,1279.167247683885
NO1.0,7,AUUC_cr_V2,1361.8672925370279,856.2499999947327,1130.8695157367536
NO1.0,7,AUUC_cr_V1V2(0.5),1388.166316161609,856.2499999947185,1205.0183817103284
NO2.0,7,AUUC_cr_V1,1349.263786523685,821.249999991329,1259.9833854360083
NO2.0,7,AUUC_cr_V2,1421.7567841082175,821.249999991334,1205.5137322425408
NO2.0,7,AUUC_cr_V1V2(0.5),1385.5102853159433,821.2499999913206,1232.7485588392835
RAND,8,AUUC_cr_V1,1029.4660868608744,562.5000000012083,950.9160430490651
RAND,8,AUUC_cr_V2,1029.466086860848,562.5000000012005,950.916043049041
RAND,8,AUUC_cr_V1V2(0.5),1029.4660868608662,562.5000000012024,950.9160430490501
Oracle,8,AUUC_cr_V1,1428.911706328088,893.7499999983718,1344.8080665348573
Oracle,8,AUUC_cr_V2,1463.8405215677071,893.7499999983811,1194.7610532794502
Oracle,8,AUUC_cr_V1V2(0.5),1446.3761139479004,893.7499999983659,1269.7845599071625
NO0.1,8,AUUC_cr_V1,1434.3579570651489,891.2499999980465,1351.9636905586683
NO0.1,8,AUUC_cr_V2,1488.6752216335078,891.2499999980566,1251.2197179797186
NO0.1,8,AUUC_cr_V1V2(0.5),1461.516589349331,891.2499999980414,1301.591704269202
NO0.5,8,AUUC_cr_V1,1441.7563057661334,848.749999995972,1374.9371342359605
NO0.5,8,AUUC_cr_V2,1548.663329531095,848.7499999959807,1378.11693325895
NO0.5,8,AUUC_cr_V1V2(0.5),1495.2098176486174,848.7499999959656,1376.527033747463
NO1.0,8,AUUC_cr_V1,1390.462500386155,803.7499999937899,1346.5956729487123
NO1.0,8,AUUC_cr_V2,1627.5294583651971,803.7499999937979,1429.094110772089
NO1.0,8,AUUC_cr_V1V2(0.5),1508.9959793756798,803.7499999937842,1387.8448918604083
NO2.0,8,AUUC_cr_V1,1378.1670808721872,783.749999994241,1333.5676626856875
NO2.0,8,AUUC_cr_V2,1605.0648170565858,783.7499999942484,1433.241899085861
NO2.0,8,AUUC_cr_V1V2(0.5),1491.6159489643906,783.7499999942346,1383.4047808857813
RAND,9,AUUC_cr_V1,969.4388434560328,562.5000000011069,950.9160430490651
RAND,9,AUUC_cr_V2,969.4388434560242,562.5000000011132,950.916043049041
RAND,9,AUUC_cr_V1V2(0.5),969.4388434560333,562.5000000011023,950.9160430490501
Oracle,9,AUUC_cr_V1,1448.1847950348595,893.7499999982072,1344.8080665348573
Oracle,9,AUUC_cr_V2,1429.5381029936789,893.7499999982138,1194.7610532794502
Oracle,9,AUUC_cr_V1V2(0.5),1438.8614490142759,893.7499999982085,1269.7845599071625
NO0.1,9,AUUC_cr_V1,1448.1847950348595,893.7499999982072,1344.8080665348573
NO0.1,9,AUUC_cr_V2,1429.5381029936789,893.7499999982138,1194.7610532794502
NO0.1,9,AUUC_cr_V1V2(0.5),1438.8614490142759,893.7499999982085,1269.7845599071625
NO0.5,9,AUUC_cr_V1,1450.5029219534385,891.2499999977991,1335.8838289725995
NO0.5,9,AUUC_cr_V2,1444.1552435292174,891.2499999978049,1150.6061532413007
NO0.5,9,AUUC_cr_V1V2(0.5),1447.3290827413343,891.2499999978002,1243.2449911069589
NO1.0,9,AUUC_cr_V1,1421.5398222580745,873.7499999957045,1310.658890030748
NO1.0,9,AUUC_cr_V2,1423.316609141024,873.749999995708,1146.113592235434
NO1.0,9,AUUC_cr_V1V2(0.5),1422.4282156995562,873.7499999957056,1228.3862411330995
NO2.0,9,AUUC_cr_V1,1386.286966623023,843.7499999950909,1277.0961317276322
NO2.0,9,AUUC_cr_V2,1291.2756837342592,843.7499999950938,1039.595674918106
NO2.0,9,AUUC_cr_V1V2(0.5),1338.7813251786486,843.7499999950932,1158.345903322877
RAND,10,AUUC_cr_V1,839.0355399107934,562.5000000009713,950.9160430490651
RAND,10,AUUC_cr_V2,839.0355399107975,562.5000000009677,950.916043049041
RAND,10,AUUC_cr_V1V2(0.5),839.0355399107921,562.5000000009713,950.9160430490501
Oracle,10,AUUC_cr_V1,1393.1083360725788,893.749999998021,1344.8080665348573
Oracle,10,AUUC_cr_V2,1084.626502510548,893.7499999980154,1194.7610532794502
Oracle,10,AUUC_cr_V1V2(0.5),1238.8674192915616,893.7499999980088,1269.7845599071625
NO0.1,10,AUUC_cr_V1,1393.1083360725788,893.749999998021,1344.8080665348573
NO0.1,10,AUUC_cr_V2,1084.626502510548,893.7499999980154,1194.7610532794502
NO0.1,10,AUUC_cr_V1V2(0.5),1238.8674192915616,893.7499999980088,1269.7845599071625
NO0.5,10,AUUC_cr_V1,1414.163022794187,883.7499999971601,1363.4057735503884
NO0.5,10,AUUC_cr_V2,1050.6340920684243,883.7499999971548,1131.466239529307
NO0.5,10,AUUC_cr_V1V2(0.5),1232.3985574313044,883.7499999971494,1247.4360065398564
NO1.0,10,AUUC_cr_V1,1353.8259264571718,858.7499999994667,1313.0369625919905
NO1.0,10,AUUC_cr_V2,942.5287843130662,858.7499999994611,1036.1208165481194
NO1.0,10,AUUC_cr_V1V2(0.5),1148.177355385118,858.7499999994559,1174.5788895700637
NO2.0,10,AUUC_cr_V1,1314.088737491565,846.2499999980888,1289.571190999513
NO2.0,10,AUUC_cr_V2,889.175587792825,846.2499999980831,1019.3245853817833
NO2.0,10,AUUC_cr_V1V2(0.5),1101.632162642194,846.2499999980779,1154.4478881906568
RAND,11,AUUC_cr_V1,1033.273710262963,562.5000000009513,950.9160430490651
RAND,11,AUUC_cr_V2,1033.2737102629544,562.5000000009568,950.916043049041
RAND,11,AUUC_cr_V1V2(0.5),1033.273710262969,562.5000000009659,950.9160430490501
Oracle,11,AUUC_cr_V1,1309.4892523417636,893.7499999980417,1344.8080665348573
Oracle,11,AUUC_cr_V2,1496.5755541880455,893.7499999980405,1194.7610532794502
Oracle,11,AUUC_cr_V1V2(0.5),1403.0324032649078,893.7499999980447,1269.7845599071625
NO0.1,11,AUUC_cr_V1,1309.4892523417636,893.7499999980417,1344.8080665348573
NO0.1,11,AUUC_cr_V2,1496.5755541880455,893.7499999980405,1194.7610532794502
NO0.1,11,AUUC_cr_V1V2(0.5),1403.0324032649078,893.7499999980447,1269.7845599071625
NO0.5,11,AUUC_cr_V1,1268.7473976562706,866.2499999963119,1314.9125142409164
NO0.5,11,AUUC_cr_V2,1485.926122078193,866.2499999963111,1307.4959274976002
NO0.5,11,AUUC_cr_V1V2(0.5),1377.3367598672353,866.2499999963158,1311.2042208692676
NO1.0,11,AUUC_cr_V1,1196.7332943409033,818.7499999964879,1251.7993182351618
NO1.0,11,AUUC_cr_V2,1471.3690726825746,818.7499999964878,1307.1403131113693
NO1.0,11,AUUC_cr_V1V2(0.5),1334.0511835117434,818.7499999964922,1279.4698156732748
NO2.0,11,AUUC_cr_V1,1196.7332943409033,818.7499999964879,1251.7993182351618
NO2.0,11,AUUC_cr_V2,1471.3690726825746,818.7499999964878,1307.1403131113693
NO2.0,11,AUUC_cr_V1V2(0.5),1334.0511835117434,818.7499999964922,1279.4698156732748
RAND,12,AUUC_cr_V1,1065.0073805969255,562.5000000009786,950.9160430490651
RAND,12,AUUC_cr_V2,1065.007380596926,562.500000000975,950.916043049041
RAND,12,AUUC_cr_V1V2(0.5),1065.0073805969314,562.5000000009732,950.9160430490501
Oracle,12,AUUC_cr_V1,1500.220068387042,893.7499999980316,1344.8080665348573
Oracle,12,AUUC_cr_V2,1165.9155129044434,893.7499999980453,1194.7610532794502
Oracle,12,AUUC_cr_V1V2(0.5),1333.0677906457454,893.7499999980308,1269.7845599071625
NO0.1,12,AUUC_cr_V1,1500.220068387042,893.7499999980316,1344.8080665348573
NO0.1,12,AUUC_cr_V2,1165.9155129044434,893.7499999980453,1194.7610532794502
NO0.1,12,AUUC_cr_V1V2(0.5),1333.0677906457454,893.7499999980308,1269.7845599071625
NO0.5,12,AUUC_cr_V1,1465.1909622056878,878.7499999996286,1310.279873290333
NO0.5,12,AUUC_cr_V2,1107.6731288158555,878.7499999996422,1100.9443760542547
NO0.5,12,AUUC_cr_V1V2(0.5),1286.4320455107743,878.7499999996289,1205.6121246723028
NO1.0,12,AUUC_cr_V1,1472.5120723331192,861.2500000004978,1306.1559721903307
NO1.0,12,AUUC_cr_V2,1165.0915380995605,861.250000000511,1149.130511988501
NO1.0,12,AUUC_cr_V1V2(0.5),1318.8018052163422,861.2500000004984,1227.6432420894243
NO2.0,12,AUUC_cr_V1,1402.7466929252557,806.2500000002053,1245.9394617550288
NO2.0,12,AUUC_cr_V2,1149.1795726147502,806.2500000002178,1128.5239285639493
NO2.0,12,AUUC_cr_V1V2(0.5),1275.9631327700054,806.2500000002066,1187.2316951594973
RAND,13,AUUC_cr_V1,1046.274160677735,562.5000000010177,950.9160430490651
RAND,13,AUUC_cr_V2,1046.2741606777527,562.500000001015,950.916043049041
RAND,13,AUUC_cr_V1V2(0.5),1046.2741606777417,562.5000000010168,950.9160430490501
Oracle,13,AUUC_cr_V1,1441.0123329563783,893.7499999981028,1344.8080665348573
Oracle,13,AUUC_cr_V2,1261.3145192336187,893.7499999981122,1194.7610532794502
Oracle,13,AUUC_cr_V1V2(0.5),1351.1634260950032,893.7499999981046,1269.7845599071625
NO0.1,13,AUUC_cr_V1,1441.0123329563783,893.7499999981028,1344.8080665348573
NO0.1,13,AUUC_cr_V2,1261.3145192336187,893.7499999981122,1194.7610532794502
NO0.1,13,AUUC_cr_V1V2(0.5),1351.1634260950032,893.7499999981046,1269.7845599071625
NO0.5,13,AUUC_cr_V1,1384.41728931454,843.7499999979502,1274.6623097725167
NO0.5,13,AUUC_cr_V2,1243.4194219345072,843.7499999979589,1242.2407553705116
NO0.5,13,AUUC_cr_V1V2(0.5),1313.9183556245273,843.7499999979525,1258.4515325715224
NO1.0,13,AUUC_cr_V1,1318.3755529986238,791.249999997437,1203.5124282989018
NO1.0,13,AUUC_cr_V2,1251.4406123982576,791.2499999974457,1258.0787117452792
NO1.0,13,AUUC_cr_V1V2(0.5),1284.9080826984432,791.2499999974397,1230.7955700220982
NO2.0,13,AUUC_cr_V1,1242.701535438825,718.7499999951156,1134.1746083981818
NO2.0,13,AUUC_cr_V2,1257.5561448841863,718.7499999951226,1288.143611889064
NO2.0,13,AUUC_cr_V1V2(0.5),1250.128840161508,718.7499999951186,1211.1591101436306
RAND,14,AUUC_cr_V1,980.6804518568865,562.5000000009159,950.9160430490651
RAND,14,AUUC_cr_V2,980.6804518569043,562.5000000008986,950.916043049041
RAND,14,AUUC_cr_V1V2(0.5),980.6804518568897,562.5000000009131,950.9160430490501
Oracle,14,AUUC_cr_V1,1266.6341068698105,893.7499999979577,1344.8080665348573
Oracle,14,AUUC_cr_V2,959.3205048949706,893.7499999979627,1194.7610532794502
Oracle,14,AUUC_cr_V1V2(0.5),1112.9773058823876,893.7499999979563,1269.7845599071625
NO0.1,14,AUUC_cr_V1,1267.4890149215971,891.2499999976902,1351.9636905586683
NO0.1,14,AUUC_cr_V2,998.636455999259,891.2499999976957,1251.2197179797186
NO0.1,14,AUUC_cr_V1V2(0.5),1133.0627354604246,891.2499999976889,1301.591704269202
NO0.5,14,AUUC_cr_V1,1212.0872408240948,871.2499999958351,1326.1405219442129
NO0.5,14,AUUC_cr_V2,790.3928121828487,871.2499999958418,1197.3502035523327
NO0.5,14,AUUC_cr_V1V2(0.5),1001.2400265034677,871.2499999958336,1261.7453627482807
NO1.0,14,AUUC_cr_V1,1228.1108336418993,846.2499999955731,1317.6753806527304
NO1.0,14,AUUC_cr_V2,778.5660836138252,846.2499999955799,1209.761391900818
NO1.0,14,AUUC_cr_V1V2(0.5),1003.3384586278569,846.2499999955718,1263.7183862767815
NO2.0,14,AUUC_cr_V1,1185.8704155111388,816.249999997229,1273.1718883008077
NO2.0,14,AUUC_cr_V2,658.0513939066859,816.2499999972337,1139.0953327697475
NO2.0,14,AUUC_cr_V1V2(0.5),921.9609047089062,816.2499999972263,1206.1336105352839
RAND,15,AUUC_cr_V1,776.5124767942889,562.5000000010346,950.9160430490651
RAND,15,AUUC_cr_V2,776.5124767943053,562.5000000010368,950.916043049041
RAND,15,AUUC_cr_V1V2(0.5),776.5124767942834,562.5000000010405,950.9160430490501
Oracle,15,AUUC_cr_V1,1174.8224804649644,893.749999998126,1344.8080665348573
Oracle,15,AUUC_cr_V2,1016.9591902138627,893.7499999981308,1194.7610532794502
Oracle,15,AUUC_cr_V1V2(0.5),1095.8908353394079,893.7499999981391,1269.7845599071625
NO0.1,15,AUUC_cr_V1,1174.8224804649644,893.749999998126,1344.8080665348573
NO0.1,15,AUUC_cr_V2,1016.9591902138627,893.7499999981308,1194.7610532794502
NO0.1,15,AUUC_cr_V1V2(0.5),1095.8908353394079,893.7499999981391,1269.7845599071625
NO0.5,15,AUUC_cr_V1,1201.9383233173662,886.2499999974111,1324.8308885500942
NO0.5,15,AUUC_cr_V2,782.762656647918,886.2499999974162,1040.248590885928
NO0.5,15,AUUC_cr_V1V2(0.5),992.3504899826363,886.2499999974242,1182.53973971802
NO1.0,15,AUUC_cr_V1,1122.6142225600415,853.749999999139,1254.2240125540911
NO1.0,15,AUUC_cr_V2,805.8755767524307,853.7499999991451,932.4842000481455
NO1.0,15,AUUC_cr_V1V2(0.5),964.2448996562304,853.7499999991524,1093.3541063011269
NO2.0,15,AUUC_cr_V1,1107.7769183125263,816.2499999957391,1215.1007679377462
NO2.0,15,AUUC_cr_V2,843.1543690543117,816.2499999957442,965.8007491908683
NO2.0,15,AUUC_cr_V1V2(0.5),975.4656436834132,816.2499999957508,1090.4507585643169
RAND,16,AUUC_cr_V1,734.0529379737404,562.5000000010314,950.9160430490651
RAND,16,AUUC_cr_V2,734.0529379737163,562.5000000010368,950.916043049041
RAND,16,AUUC_cr_V1V2(0.5),734.0529379737254,562.5000000010259,950.9160430490501
Oracle,16,AUUC_cr_V1,1048.802462586277,893.7499999981204,1344.8080665348573
Oracle,16,AUUC_cr_V2,1242.235595581261,893.7499999981246,1194.7610532794502
Oracle,16,AUUC_cr_V1V2(0.5),1145.5190290837645,893.7499999981126,1269.7845599071625
NO0.1,16,AUUC_cr_V1,1084.9028081597562,891.2499999978592,1351.9636905586683
NO0.1,16,AUUC_cr_V2,1442.8737498228754,891.2499999978635,1251.2197179797186
NO0.1,16,AUUC_cr_V1V2(0.5),1263.8882789913116,891.2499999978513,1301.591704269202
NO0.5,16,AUUC_cr_V1,1125.0049902022502,876.2499999985233,1342.529006060207
NO0.5,16,AUUC_cr_V2,1602.8533421898821,876.2499999985278,1256.4688673866738
NO0.5,16,AUUC_cr_V1V2(0.5),1363.929166196062,876.2499999985152,1299.4989367234477
NO1.0,16,AUUC_cr_V1,1122.5041976820216,861.2499999995923,1317.4794429603746
NO1.0,16,AUUC_cr_V2,1464.6525689631158,861.2499999995973,1143.099268693711
NO1.0,16,AUUC_cr_V1V2(0.5),1293.5783833225648,861.2499999995841,1230.2893558270498
NO2.0,16,AUUC_cr_V1,1114.8220774757765,851.2499999987192,1304.4683821177985
NO2.0,16,AUUC_cr_V2,1563.1165091268722,851.2499999987242,1187.2836464612283
NO2.0,16,AUUC_cr_V1V2(0.5),1338.9692933013202,851.249999998711,1245.8760142895203
RAND,17,AUUC_cr_V1,1034.8245752337389,562.5000000011114,950.9160430490651
RAND,17,AUUC_cr_V2,1034.8245752337461,562.5000000010987,950.916043049041
RAND,17,AUUC_cr_V1V2(0.5),1034.8245752337516,562.5000000010914,950.9160430490501
Oracle,17,AUUC_cr_V1,1558.2376697247626,893.7499999982235,1344.8080665348573
Oracle,17,AUUC_cr_V2,1691.1390639058168,893.7499999982191,1194.7610532794502
Oracle,17,AUUC_cr_V1V2(0.5),1624.6883668152936,893.7499999982109,1269.7845599071625
NO0.1,17,AUUC_cr_V1,1558.2376697247626,893.7499999982235,1344.8080665348573
NO0.1,17,AUUC_cr_V2,1691.1390639058168,893.7499999982191,1194.7610532794502
NO0.1,17,AUUC_cr_V1V2(0.5),1624.6883668152936,893.7499999982109,1269.7845599071625
NO0.5,17,AUUC_cr_V1,1495.2718025785996,866.2500000001228,1285.5150180142016
NO0.5,17,AUUC_cr_V2,1611.858130708918,866.2500000001188,1055.2607302601134
NO0.5,17,AUUC_cr_V1V2(0.5),1553.5649666437623,866.2500000001114,1170.3878741371657
NO1.0,17,AUUC_cr_V1,1361.4342554037855,813.7499999994839,1190.4762980186238
NO1.0,17,AUUC_cr_V2,1476.544007497404,813.7499999994794,1003.4203158121165
NO1.0,17,AUUC_cr_V1V2(0.5),1418.9891314505985,813.7499999994723,1096.9483069153775
NO2.0,17,AUUC_cr_V1,1286.9240052073421,786.24999999928,1141.7651835632466
NO2.0,17,AUUC_cr_V2,1480.1341288274855,786.2499999992757,1015.4770376709367
NO2.0,17,AUUC_cr_V1V2(0.5),1383.5290670174181,786.2499999992685,1078.621110617099
RAND,18,AUUC_cr_V1,979.7251278206986,562.500000001005,950.9160430490651
RAND,18,AUUC_cr_V2,979.725127820715,562.500000001015,950.916043049041
RAND,18,AUUC_cr_V1V2(0.5),979.7251278207095,562.5000000010023,950.9160430490501
Oracle,18,AUUC_cr_V1,1423.0483905887322,893.749999998123,1344.8080665348573
Oracle,18,AUUC_cr_V2,956.870661779163,893.7499999981327,1194.7610532794502
Oracle,18,AUUC_cr_V1V2(0.5),1189.9595261839472,893.7499999981245,1269.7845599071625
NO0.1,18,AUUC_cr_V1,1423.0483905887322,893.749999998123,1344.8080665348573
NO0.1,18,AUUC_cr_V2,956.870661779163,893.7499999981327,1194.7610532794502
NO0.1,18,AUUC_cr_V1V2(0.5),1189.9595261839472,893.7499999981245,1269.7845599071625
NO0.5,18,AUUC_cr_V1,1443.6189006313255,878.7499999987604,1357.0675415027295
NO0.5,18,AUUC_cr_V2,939.3626027287077,878.7499999987701,1130.1753406630269
NO0.5,18,AUUC_cr_V1V2(0.5),1191.4907516800156,878.7499999987614,1243.6214410828863
NO1.0,18,AUUC_cr_V1,1342.912367945333,751.2499999975906,1223.6797503825264
NO1.0,18,AUUC_cr_V2,975.4055924559453,751.2499999976015,980.9306208040865
NO1.0,18,AUUC_cr_V1V2(0.5),1159.1589802006392,751.2499999975922,1102.3051855933136
NO2.0,18,AUUC_cr_V1,1188.2179084000732,623.7499999945466,1099.4333786506834
NO2.0,18,AUUC_cr_V2,1255.6464646836614,623.7499999945574,1067.0066754160773
NO2.0,18,AUUC_cr_V1V2(0.5),1221.9321865418678,623.7499999945476,1083.2200270333863
RAND,19,AUUC_cr_V1,795.8449012611691,562.5000000010878,950.9160430490651
RAND,19,AUUC_cr_V2,795.8449012611345,562.5000000011096,950.916043049041
RAND,19,AUUC_cr_V1V2(0.5),795.8449012611545,562.5000000010878,950.9160430490501
Oracle,19,AUUC_cr_V1,1001.8586724178809,893.7499999982114,1344.8080665348573
Oracle,19,AUUC_cr_V2,1257.2751760896788,893.7499999982272,1194.7610532794502
Oracle,19,AUUC_cr_V1V2(0.5),1129.5669242537804,893.7499999982155,1269.7845599071625
NO0.1,19,AUUC_cr_V1,1001.8586724178809,893.7499999982114,1344.8080665348573
NO0.1,19,AUUC_cr_V2,1257.2751760896788,893.7499999982272,1194.7610532794502
NO0.1,19,AUUC_cr_V1V2(0.5),1129.5669242537804,893.7499999982155,1269.7845599071625
NO0.5,19,AUUC_cr_V1,1004.0189762204877,858.7499999970663,1317.3792926572294
NO0.5,19,AUUC_cr_V2,1335.8176497301115,858.7499999970819,1330.5665028681499
NO0.5,19,AUUC_cr_V1V2(0.5),1169.9183129753012,858.7499999970713,1323.972897762698
NO1.0,19,AUUC_cr_V1,968.9968846123918,768.7499999955938,1216.0092534330981
NO1.0,19,AUUC_cr_V2,1392.699710270155,768.7499999956086,1437.2928147504301
NO1.0,19,AUUC_cr_V1V2(0.5),1180.8482974412748,768.7499999955991,1326.6510340917719
NO2.0,19,AUUC_cr_V1,927.8025814904239,723.7499999961478,1149.394234429422
NO2.0,19,AUUC_cr_V2,1317.1320658285806,723.7499999961615,1392.4112446986683
NO2.0,19,AUUC_cr_V1V2(0.5),1122.4673236595036,723.7499999961526,1270.902739564052
RAND,20,AUUC_cr_V1,869.4358417822723,562.5000000009354,950.9160430490651
RAND,20,AUUC_cr_V2,869.4358417822732,562.5000000009386,950.916043049041
RAND,20,AUUC_cr_V1V2(0.5),869.4358417822659,562.5000000009368,950.9160430490501
Oracle,20,AUUC_cr_V1,1215.5047780001955,893.749999998028,1344.8080665348573
Oracle,20,AUUC_cr_V2,901.1865474501461,893.7499999980396,1194.7610532794502
Oracle,20,AUUC_cr_V1V2(0.5),1058.3456627251646,893.7499999980267,1269.7845599071625
NO0.1,20,AUUC_cr_V1,1215.5047780001955,893.749999998028,1344.8080665348573
NO0.1,20,AUUC_cr_V2,901.1865474501461,893.7499999980396,1194.7610532794502
NO0.1,20,AUUC_cr_V1V2(0.5),1058.3456627251646,893.7499999980267,1269.7845599071625
NO0.5,20,AUUC_cr_V1,1173.930144815439,881.2499999973817,1337.108161486752
NO0.5,20,AUUC_cr_V2,1022.2402513988616,881.2499999973928,1281.8508142433698
NO0.5,20,AUUC_cr_V1V2(0.5),1098.0851981071444,881.2499999973804,1309.47948786507
NO1.0,20,AUUC_cr_V1,1127.377006922802,828.7499999926677,1316.0754618335163
NO1.0,20,AUUC_cr_V2,1240.2604942336068,828.7499999926756,1423.0816397626568
NO1.0,20,AUUC_cr_V1V2(0.5),1183.8187505781993,828.7499999926656,1369.5785507980963
NO2.0,20,AUUC_cr_V1,1149.9781066033377,798.7499999894148,1314.479075248332
NO2.0,20,AUUC_cr_V2,1202.538987723773,798.7499999894219,1461.9510706860724
NO2.0,20,AUUC_cr_V1V2(0.5),1176.2585471635507,798.7499999894117,1388.2150729672117
RAND,21,AUUC_cr_V1,794.8703513779819,562.5000000008804,950.9160430490651
RAND,21,AUUC_cr_V2,794.8703513779656,562.5000000008731,950.916043049041
RAND,21,AUUC_cr_V1V2(0.5),794.8703513779838,562.500000000884,950.9160430490501
Oracle,21,AUUC_cr_V1,1134.883115170853,893.7499999979469,1344.8080665348573
Oracle,21,AUUC_cr_V2,1162.4169587666827,893.7499999979495,1194.7610532794502
Oracle,21,AUUC_cr_V1V2(0.5),1148.6500369687624,893.7499999979527,1269.7845599071625
NO0.1,21,AUUC_cr_V1,1134.883115170853,893.7499999979469,1344.8080665348573
NO0.1,21,AUUC_cr_V2,1162.4169587666827,893.7499999979495,1194.7610532794502
NO0.1,21,AUUC_cr_V1V2(0.5),1148.6500369687624,893.7499999979527,1269.7845599071625
NO0.5,21,AUUC_cr_V1,1100.372886161712,876.2499999969623,1304.2052741680202
NO0.5,21,AUUC_cr_V2,1131.8721470724397,876.2499999969651,1195.796606109571
NO0.5,21,AUUC_cr_V1V2(0.5),1116.1225166170702,876.2499999969679,1250.0009401388052
NO1.0,21,AUUC_cr_V1,1063.750194868637,843.7499999965668,1251.9574663185988
NO1.0,21,AUUC_cr_V2,960.2242929086976,843.74999999657,1206.751212143366
NO1.0,21,AUUC_cr_V1V2(0.5),1011.9872438886621,843.7499999965717,1229.354339230992
NO2.0,21,AUUC_cr_V1,1036.7958485439308,806.2499999954479,1204.2190660304773
NO2.0,21,AUUC_cr_V2,936.0167029524309,806.2499999954509,1225.9564318761031
NO2.0,21,AUUC_cr_V1V2(0.5),986.4062757481761,806.2499999954523,1215.0877489533
RAND,22,AUUC_cr_V1,950.6984335960851,562.500000000934,950.9160430490651
RAND,22,AUUC_cr_V2,950.698433596106,562.5000000009422,950.916043049041
RAND,22,AUUC_cr_V1V2(0.5),950.6984335960988,562.500000000924,950.9160430490501
Oracle,22,AUUC_cr_V1,1415.6523966175553,893.7499999979909,1344.8080665348573
Oracle,22,AUUC_cr_V2,1035.689464558295,893.7499999979952,1194.7610532794502
Oracle,22,AUUC_cr_V1V2(0.5),1225.6709305879294,893.7499999979905,1269.7845599071625
NO0.1,22,AUUC_cr_V1,1415.6523966175553,893.7499999979909,1344.8080665348573
NO0.1,22,AUUC_cr_V2,1035.689464558295,893.7499999979952,1194.7610532794502
NO0.1,22,AUUC_cr_V1V2(0.5),1225.6709305879294,893.7499999979905,1269.7845599071625
NO0.5,22,AUUC_cr_V1,1372.2697358796495,868.7499999959003,1283.5121916179949
NO0.5,22,AUUC_cr_V2,1004.3802081337578,868.7499999959034,1201.4101795323634
NO0.5,22,AUUC_cr_V1V2(0.5),1188.3249720067083,868.7499999959008,1242.4611855751884
NO1.0,22,AUUC_cr_V1,1251.8928284871556,798.7499999924663,1213.2939197485007
NO1.0,22,AUUC_cr_V2,1178.2649756611502,798.7499999924684,1329.411487783663
NO1.0,22,AUUC_cr_V1V2(0.5),1215.0789020741581,798.7499999924673,1271.3527037660913
NO2.0,22,AUUC_cr_V1,1192.4954719446284,763.7499999912645,1177.7231316136802
NO2.0,22,AUUC_cr_V2,1299.7905936562438,763.7499999912657,1377.1662934063759
NO2.0,22,AUUC_cr_V1V2(0.5),1246.1430328004412,763.7499999912652,1277.4447125100369
RAND,23,AUUC_cr_V1,1185.3381292315403,562.5000000010018,950.9160430490651
RAND,23,AUUC_cr_V2,1185.3381292315207,562.5000000010077,950.916043049041
RAND,23,AUUC_cr_V1V2(0.5),1185.3381292315353,562.5000000010132,950.9160430490501
Oracle,23,AUUC_cr_V1,1534.9160005044505,893.7499999981394,1344.8080665348573
Oracle,23,AUUC_cr_V2,1447.2012931856084,893.7499999981483,1194.7610532794502
Oracle,23,AUUC_cr_V1V2(0.5),1491.0586468450313,893.7499999981451,1269.7845599071625
NO0.1,23,AUUC_cr_V1,1553.530064714068,891.2499999977233,1335.8838289725995
NO0.1,23,AUUC_cr_V2,1388.447437733767,891.2499999977335,1150.6061532413007
NO0.1,23,AUUC_cr_V1V2(0.5),1470.9887512239197,891.2499999977298,1243.2449911069589
NO0.5,23,AUUC_cr_V1,1536.6567671351074,868.750000000426,1296.026813775271
NO0.5,23,AUUC_cr_V2,1308.6895693428123,868.7500000004367,973.7582143645209
NO0.5,23,AUUC_cr_V1V2(0.5),1422.6731682389614,868.7500000004335,1134.8925140699037
NO1.0,23,AUUC_cr_V1,1544.0274229486786,866.2500000001455,1310.8490184057498
NO1.0,23,AUUC_cr_V2,1331.5124374100078,866.2500000001558,997.3681388442303
NO1.0,23,AUUC_cr_V1V2(0.5),1437.7699301793448,866.2500000001535,1154.1085786249976
NO2.0,23,AUUC_cr_V1,1524.4110534483755,781.2499999959016,1256.5243865225032
NO2.0,23,AUUC_cr_V2,939.7444424378729,781.2499999959147,858.5561409584626
NO2.0,23,AUUC_cr_V1V2(0.5),1232.0777479431258,781.2499999959118,1057.5402637404895
RAND,24,AUUC_cr_V1,738.3413485291526,562.500000000774,950.9160430490651
RAND,24,AUUC_cr_V2,738.3413485291421,562.5000000007713,950.916043049041
RAND,24,AUUC_cr_V1V2(0.5),738.3413485291458,562.5000000007803,950.9160430490501
Oracle,24,AUUC_cr_V1,1130.2419639911202,893.7499999977916,1344.8080665348573
Oracle,24,AUUC_cr_V2,903.3942402204777,893.7499999977941,1194.7610532794502
Oracle,24,AUUC_cr_V1V2(0.5),1016.8181021057987,893.7499999977941,1269.7845599071625
NO0.1,24,AUUC_cr_V1,1130.2419639911202,893.7499999977916,1344.8080665348573
NO0.1,24,AUUC_cr_V2,903.3942402204777,893.7499999977941,1194.7610532794502
NO0.1,24,AUUC_cr_V1V2(0.5),1016.8181021057987,893.7499999977941,1269.7845599071625
NO0.5,24,AUUC_cr_V1,1123.9966970602072,876.2499999986278,1350.6411579902224
NO0.5,24,AUUC_cr_V2,860.4823668301328,876.2499999986326,1205.5876803883764
NO0.5,24,AUUC_cr_V1V2(0.5),992.2395319451699,876.2499999986314,1278.1144191893075
NO1.0,24,AUUC_cr_V1,992.5914024748522,806.2499999996495,1288.972226340968
NO1.0,24,AUUC_cr_V2,1024.9218149712199,806.2499999996547,1281.3777693437278
NO1.0,24,AUUC_cr_V1V2(0.5),1008.7566087230358,806.2499999996538,1285.1749978423552
NO2.0,24,AUUC_cr_V1,958.4663931740389,783.7499999996807,1259.3808224483969
NO2.0,24,AUUC_cr_V2,1018.2083636304046,783.7499999996845,1274.3799897358197
NO2.0,24,AUUC_cr_V1V2(0.5),988.3373784022219,783.7499999996843,1266.880406092115
RAND,25,AUUC_cr_V1,994.4240044932735,562.5000000009436,950.9160430490651
RAND,25,AUUC_cr_V2,994.424004493263,562.5000000009495,950.916043049041
RAND,25,AUUC_cr_V1V2(0.5),994.4240044932612,562.5000000009368,950.9160430490501
Oracle,25,AUUC_cr_V1,1457.8858339645865,893.7499999979909,1344.8080665348573
Oracle,25,AUUC_cr_V2,1369.5175677563852,893.7499999979981,1194.7610532794502
Oracle,25,AUUC_cr_V1V2(0.5),1413.7017008604853,893.7499999979873,1269.7845599071625
NO0.1,25,AUUC_cr_V1,1480.3956627559605,891.2499999977349,1351.9636905586683
NO0.1,25,AUUC_cr_V2,1482.918510306313,891.2499999977413,1251.2197179797186
NO0.1,25,AUUC_cr_V1V2(0.5),1481.6570865311362,891.2499999977305,1301.591704269202
NO0.5,25,AUUC_cr_V1,1472.3166542514446,858.7500000011627,1310.3166578894215
NO0.5,25,AUUC_cr_V2,1318.7564712131418,858.7500000011689,1081.334578629126
NO0.5,25,AUUC_cr_V1V2(0.5),1395.5365627322938,858.7500000011578,1195.8256182592804
NO1.0,25,AUUC_cr_V1,1449.142922390402,763.7499999984055,1248.9076751889863
NO1.0,25,AUUC_cr_V2,1335.2785458904968,763.7499999984083,1056.3198883227465
NO1.0,25,AUUC_cr_V1V2(0.5),1392.21073414045,763.7499999983995,1152.6137817558717
NO2.0,25,AUUC_cr_V1,1439.6692365653344,738.7499999987139,1242.2326495066031
NO2.0,25,AUUC_cr_V2,1317.836914007917,738.7499999987175,1021.8901597986907
NO2.0,25,AUUC_cr_V1V2(0.5),1378.7530752866264,738.7499999987069,1132.061404652652
RAND,26,AUUC_cr_V1,788.1830778021226,562.5000000009031,950.9160430490651
RAND,26,AUUC_cr_V2,788.1830778021576,562.5000000008913,950.916043049041
RAND,26,AUUC_cr_V1V2(0.5),788.1830778021358,562.500000000904,950.9160430490501
Oracle,26,AUUC_cr_V1,1259.1256327285842,893.7499999979442,1344.8080665348573
Oracle,26,AUUC_cr_V2,763.3258861823391,893.749999997946,1194.7610532794502
Oracle,26,AUUC_cr_V1V2(0.5),1011.2257594554675,893.7499999979418,1269.7845599071625
NO0.1,26,AUUC_cr_V1,1253.168714879844,891.2499999975396,1335.8838289725995
NO0.1,26,AUUC_cr_V2,802.0719446986748,891.2499999975415,1150.6061532413007
NO0.1,26,AUUC_cr_V1V2(0.5),1027.6203297892648,891.2499999975378,1243.2449911069589
NO0.5,26,AUUC_cr_V1,1218.8056782740273,866.2499999971518,1297.3062535356255
NO0.5,26,AUUC_cr_V2,875.618607066361,866.2499999971544,1099.3086981697493
NO0.5,26,AUUC_cr_V1V2(0.5),1047.2121426701997,866.2499999971513,1198.307475852695
NO1.0,26,AUUC_cr_V1,1153.474974207915,821.2499999977756,1236.1965136615363
NO1.0,26,AUUC_cr_V2,918.041744554795,821.2499999977781,1071.7230456354212
NO1.0,26,AUUC_cr_V1V2(0.5),1035.7583593813595,821.2499999977761,1153.959779648486
NO2.0,26,AUUC_cr_V1,1153.474974207915,821.2499999977756,1236.1965136615363
NO2.0,26,AUUC_cr_V2,918.041744554795,821.2499999977781,1071.7230456354212
NO2.0,26,AUUC_cr_V1V2(0.5),1035.7583593813595,821.2499999977761,1153.959779648486
RAND,27,AUUC_cr_V1,709.531495122541,562.5000000010828,950.9160430490651
RAND,27,AUUC_cr_V2,709.5314951225628,562.5000000011023,950.916043049041
RAND,27,AUUC_cr_V1V2(0.5),709.5314951225464,562.5000000010841,950.9160430490501
Oracle,27,AUUC_cr_V1,1231.1690899647049,893.7499999981433,1344.8080665348573
Oracle,27,AUUC_cr_V2,836.0877927823838,893.7499999981501,1194.7610532794502
Oracle,27,AUUC_cr_V1V2(0.5),1033.6284413735414,893.7499999981434,1269.7845599071625
NO0.1,27,AUUC_cr_V1,1231.1690899647049,893.7499999981433,1344.8080665348573
NO0.1,27,AUUC_cr_V2,836.0877927823838,893.7499999981501,1194.7610532794502
NO0.1,27,AUUC_cr_V1V2(0.5),1033.6284413735414,893.7499999981434,1269.7845599071625
NO0.5,27,AUUC_cr_V1,1231.1690899647049,893.7499999981433,1344.8080665348573
NO0.5,27,AUUC_cr_V2,836.0877927823838,893.7499999981501,1194.7610532794502
NO0.5,27,AUUC_cr_V1V2(0.5),1033.6284413735414,893.7499999981434,1269.7845599071625
NO1.0,27,AUUC_cr_V1,1230.8173090146718,891.2499999982828,1336.3388464850202
NO1.0,27,AUUC_cr_V2,769.6351952038764,891.2499999982898,1132.5736119619128
NO1.0,27,AUUC_cr_V1V2(0.5),1000.2262521092713,891.2499999982824,1234.4562292234755
NO2.0,27,AUUC_cr_V1,1231.8002872579868,876.2499999966177,1305.4173765357832
NO2.0,27,AUUC_cr_V2,827.628318485591,876.2499999966235,1088.3034142276376
NO2.0,27,AUUC_cr_V1V2(0.5),1029.7143028717862,876.2499999966191,1196.860395381719
RAND,28,AUUC_cr_V1,978.9195227383989,562.5000000010482,950.9160430490651
RAND,28,AUUC_cr_V2,978.9195227384007,562.5000000010623,950.916043049041
RAND,28,AUUC_cr_V1V2(0.5),978.9195227383989,562.5000000010496,950.9160430490501
Oracle,28,AUUC_cr_V1,1280.6958769840662,893.7499999981643,1344.8080665348573
Oracle,28,AUUC_cr_V2,1417.149538952919,893.7499999981825,1194.7610532794502
Oracle,28,AUUC_cr_V1V2(0.5),1348.9227079684815,893.7499999981633,1269.7845599071625
NO0.1,28,AUUC_cr_V1,1280.6958769840662,893.7499999981643,1344.8080665348573
NO0.1,28,AUUC_cr_V2,1417.149538952919,893.7499999981825,1194.7610532794502
NO0.1,28,AUUC_cr_V1V2(0.5),1348.9227079684815,893.7499999981633,1269.7845599071625
NO0.5,28,AUUC_cr_V1,1246.3017510215848,886.2499999998009,1330.0006144373608
NO0.5,28,AUUC_cr_V2,1349.6494837625512,886.2499999998195,1131.282713095633
NO0.5,28,AUUC_cr_V1V2(0.5),1297.9756173920568,886.2499999997999,1230.6416637665054
NO1.0,28,AUUC_cr_V1,1195.9392410616363,808.7499999967683,1316.4887994367484
NO1.0,28,AUUC_cr_V2,1410.643043264338,808.7499999967877,1088.039675518634
NO1.0,28,AUUC_cr_V1V2(0.5),1303.2911421629783,808.7499999967662,1202.2642374776997
NO2.0,28,AUUC_cr_V1,1080.730668180223,713.7499999944934,1225.3186846090207
NO2.0,28,AUUC_cr_V2,1491.1116013446808,713.7499999945125,1078.463120284172
NO2.0,28,AUUC_cr_V1V2(0.5),1285.9211347624455,713.7499999944914,1151.8909024466043
RAND,29,AUUC_cr_V1,751.1636444875107,562.5000000010718,950.9160430490651
RAND,29,AUUC_cr_V2,751.1636444875039,562.5000000010768,950.916043049041
RAND,29,AUUC_cr_V1V2(0.5),751.1636444875094,562.5000000010641,950.9160430490501
Oracle,29,AUUC_cr_V1,1205.1276031581704,893.7499999981625,1344.8080665348573
Oracle,29,AUUC_cr_V2,1137.128636365004,893.7499999981679,1194.7610532794502
Oracle,29,AUUC_cr_V1V2(0.5),1171.128119761586,893.7499999981562,1269.7845599071625
NO0.1,29,AUUC_cr_V1,1205.1276031581704,893.7499999981625,1344.8080665348573
NO0.1,29,AUUC_cr_V2,1137.128636365004,893.7499999981679,1194.7610532794502
NO0.1,29,AUUC_cr_V1V2(0.5),1171.128119761586,893.7499999981562,1269.7845599071625
NO0.5,29,AUUC_cr_V1,1059.9055095488866,833.7499999976307,1252.1402000939322
NO0.5,29,AUUC_cr_V2,1299.4069653076988,833.7499999976368,1305.7205918547215
NO0.5,29,AUUC_cr_V1V2(0.5),1179.656237428291,833.7499999976266,1278.9303959743359
NO1.0,29,AUUC_cr_V1,994.0419475972675,776.2499999947262,1178.3082979494407
NO1.0,29,AUUC_cr_V2,1454.8433346223044,776.249999994733,1413.1498861986483
NO1.0,29,AUUC_cr_V1V2(0.5),1224.4426411097854,776.2499999947213,1295.7290920740538
NO2.0,29,AUUC_cr_V1,879.8178727371543,696.2499999940491,1080.150483932749
NO2.0,29,AUUC_cr_V2,1502.6854308575291,696.2499999940557,1416.6019384147662
NO2.0,29,AUUC_cr_V1V2(0.5),1191.251651797341,696.2499999940446,1248.3762111737658
RAND,30,AUUC_cr_V1,822.976633229116,562.5000000009882,950.9160430490651
RAND,30,AUUC_cr_V2,822.9766332291292,562.5000000009968,950.916043049041
RAND,30,AUUC_cr_V1V2(0.5),822.9766332291128,562.5000000009986,950.9160430490501
Oracle,30,AUUC_cr_V1,1254.4813001317918,893.7499999980457,1344.8080665348573
Oracle,30,AUUC_cr_V2,897.8493179816977,893.7499999980558,1194.7610532794502
Oracle,30,AUUC_cr_V1V2(0.5),1076.1653090567436,893.7499999980556,1269.7845599071625
NO0.1,30,AUUC_cr_V1,1264.067768214602,891.2499999977756,1351.9636905586683
NO0.1,30,AUUC_cr_V2,1015.757124069219,891.2499999977853,1251.2197179797186
NO0.1,30,AUUC_cr_V1V2(0.5),1139.9124461419085,891.2499999977857,1301.591704269202
NO0.5,30,AUUC_cr_V1,1228.5255933718836,843.7499999974094,1304.5425729398844
NO0.5,30,AUUC_cr_V2,1081.7454332946334,843.7499999974192,1227.0146396847751
NO0.5,30,AUUC_cr_V1V2(0.5),1155.1355133332534,843.7499999974193,1265.7786063123374
NO1.0,30,AUUC_cr_V1,1138.3098964096116,798.7499999973612,1229.8837860414405
NO1.0,30,AUUC_cr_V2,1073.757964731565,798.7499999973697,1187.838047960399
NO1.0,30,AUUC_cr_V1V2(0.5),1106.0339305705822,798.7499999973713,1208.8609170009263
NO2.0,30,AUUC_cr_V1,1152.3118502282266,718.749999993933,1178.0139049402094
NO2.0,30,AUUC_cr_V2,965.1208003501905,718.7499999939414,1157.8427341338077
NO2.0,30,AUUC_cr_V1V2(0.5),1058.7163252892014,718.7499999939414,1167.9283195370147
RAND,31,AUUC_cr_V1,938.6942144359937,562.5000000008599,950.9160430490651
RAND,31,AUUC_cr_V2,938.6942144360364,562.5000000008549,950.916043049041
RAND,31,AUUC_cr_V1V2(0.5),938.69421443602,562.5000000008531,950.9160430490501
Oracle,31,AUUC_cr_V1,1159.480602149246,893.7499999979245,1344.8080665348573
Oracle,31,AUUC_cr_V2,1106.2523959137188,893.7499999979283,1194.7610532794502
Oracle,31,AUUC_cr_V1V2(0.5),1132.8664990314824,893.7499999979227,1269.7845599071625
NO0.1,31,AUUC_cr_V1,1168.5945536932093,891.249999997657,1351.9636905586683
NO0.1,31,AUUC_cr_V2,1215.805361632238,891.2499999976612,1251.2197179797186
NO0.1,31,AUUC_cr_V1V2(0.5),1192.1999576627231,891.2499999976557,1301.591704269202
NO0.5,31,AUUC_cr_V1,1141.4620744215636,861.2499999993972,1315.763622097472
NO0.5,31,AUUC_cr_V2,1221.519102268322,861.2499999994023,1268.5281677634266
NO0.5,31,AUUC_cr_V1V2(0.5),1181.4905883449414,861.2499999993971,1292.1458949304572
NO1.0,31,AUUC_cr_V1,1117.3193503182079,848.7500000008336,1289.7046489027853
NO1.0,31,AUUC_cr_V2,1085.552423077891,848.7500000008387,1236.8989318557685
NO1.0,31,AUUC_cr_V1V2(0.5),1101.4358866980485,848.750000000833,1263.3017903792843
NO2.0,31,AUUC_cr_V1,1107.1101363488224,826.2500000012722,1250.728559178352
NO2.0,31,AUUC_cr_V2,920.676425367284,826.2500000012766,1107.0574677447507
NO2.0,31,AUUC_cr_V1V2(0.5),1013.8932808580525,826.2500000012718,1178.8930134615587
RAND,32,AUUC_cr_V1,1025.0371037724203,562.5000000009027,950.9160430490651
RAND,32,AUUC_cr_V2,1025.0371037724399,562.5000000009168,950.916043049041
RAND,32,AUUC_cr_V1V2(0.5),1025.0371037724417,562.5000000008968,950.9160430490501
Oracle,32,AUUC_cr_V1,1228.048280446749,893.7499999980107,1344.8080665348573
Oracle,32,AUUC_cr_V2,1565.1287197906893,893.7499999980221,1194.7610532794502
Oracle,32,AUUC_cr_V1V2(0.5),1396.588500118723,893.7499999980137,1269.7845599071625
NO0.1,32,AUUC_cr_V1,1228.048280446749,893.7499999980107,1344.8080665348573
NO0.1,32,AUUC_cr_V2,1565.1287197906893,893.7499999980221,1194.7610532794502
NO0.1,32,AUUC_cr_V1V2(0.5),1396.588500118723,893.7499999980137,1269.7845599071625
NO0.5,32,AUUC_cr_V1,1116.8425980604427,833.7500000014304,1280.2170157695532
NO0.5,32,AUUC_cr_V2,1541.8518622552665,833.7500000014426,1196.792669261949
NO0.5,32,AUUC_cr_V1V2(0.5),1329.3472301578583,833.7500000014332,1238.5048425157581
NO1.0,32,AUUC_cr_V1,1062.2219997673394,766.2499999999922,1216.0469495503573
NO1.0,32,AUUC_cr_V2,1565.0604187079846,766.2500000000055,1323.006139597224
NO1.0,32,AUUC_cr_V1V2(0.5),1313.6412092376656,766.249999999996,1269.526544573798
NO2.0,32,AUUC_cr_V1,931.0135008424061,616.2499999973084,1041.5322321101576
NO2.0,32,AUUC_cr_V2,1450.2104164818036,616.2499999973221,1345.8686435776137
NO2.0,32,AUUC_cr_V1V2(0.5),1190.6119586621096,616.2499999973122,1193.7004378438917
RAND,33,AUUC_cr_V1,781.2056051071495,562.5000000011296,950.9160430490651
RAND,33,AUUC_cr_V2,781.2056051071195,562.5000000011423,950.916043049041
RAND,33,AUUC_cr_V1V2(0.5),781.2056051071304,562.5000000011369,950.9160430490501
Oracle,33,AUUC_cr_V1,1084.9606848187327,893.7499999982485,1344.8080665348573
Oracle,33,AUUC_cr_V2,980.1523933521031,893.7499999982655,1194.7610532794502
Oracle,33,AUUC_cr_V1V2(0.5),1032.5565390854129,893.7499999982534,1269.7845599071625
NO0.1,33,AUUC_cr_V1,1066.3466934102198,891.2499999979239,1351.9636905586683
NO0.1,33,AUUC_cr_V2,958.9244957128781,891.249999997941,1251.2197179797186
NO0.1,33,AUUC_cr_V1V2(0.5),1012.6355945615445,891.249999997929,1301.591704269202
NO0.5,33,AUUC_cr_V1,1061.1551189054214,878.7499999989521,1359.1103780400595
NO0.5,33,AUUC_cr_V2,897.405524612409,878.7499999989684,1267.7751217059138
NO0.5,33,AUUC_cr_V1V2(0.5),979.2803217589103,878.7499999989564,1313.4427498729947
NO1.0,33,AUUC_cr_V1,1019.1714425706421,858.7499999993315,1330.5858267279511
NO1.0,33,AUUC_cr_V2,915.7227503704637,858.7499999993474,1292.1380922431363
NO1.0,33,AUUC_cr_V1V2(0.5),967.447096470548,858.7499999993361,1311.361959485551
NO2.0,33,AUUC_cr_V1,1019.1714425706421,858.7499999993315,1330.5858267279511
NO2.0,33,AUUC_cr_V2,915.7227503704637,858.7499999993474,1292.1380922431363
NO2.0,33,AUUC_cr_V1V2(0.5),967.447096470548,858.7499999993361,1311.361959485551
RAND,34,AUUC_cr_V1,1041.9154345267089,562.500000000935,950.9160430490651
RAND,34,AUUC_cr_V2,1041.915434526727,562.5000000009459,950.916043049041
RAND,34,AUUC_cr_V1V2(0.5),1041.9154345267307,562.5000000009422,950.9160430490501
Oracle,34,AUUC_cr_V1,1342.8282459548327,893.7499999979359,1344.8080665348573
Oracle,34,AUUC_cr_V2,560.0052866323848,893.7499999979427,1194.7610532794502
Oracle,34,AUUC_cr_V1V2(0.5),951.4167662936121,893.7499999979432,1269.7845599071625
NO0.1,34,AUUC_cr_V1,1342.8282459548327,893.7499999979359,1344.8080665348573
NO0.1,34,AUUC_cr_V2,560.0052866323848,893.7499999979427,1194.7610532794502
NO0.1,34,AUUC_cr_V1V2(0.5),951.4167662936121,893.7499999979432,1269.7845599071625
NO0.5,34,AUUC_cr_V1,1352.1540264394541,886.249999997497,1358.3166751393098
NO0.5,34,AUUC_cr_V2,590.3099269825287,886.2499999975033,1212.6422011418908
NO0.5,34,AUUC_cr_V1V2(0.5),971.2319767109962,886.2499999975036,1285.479438140609
NO1.0,34,AUUC_cr_V1,1352.1540264394541,886.249999997497,1358.3166751393098
NO1.0,34,AUUC_cr_V2,590.3099269825287,886.2499999975033,1212.6422011418908
NO1.0,34,AUUC_cr_V1V2(0.5),971.2319767109962,886.2499999975036,1285.479438140609
NO2.0,34,AUUC_cr_V1,1300.4639271464848,831.249999996843,1339.7025302233887
NO2.0,34,AUUC_cr_V2,823.1378269806625,831.2499999968492,1327.9887923181657
NO2.0,34,AUUC_cr_V1V2(0.5),1061.80087706358,831.2499999968486,1333.845661270785
RAND,35,AUUC_cr_V1,1067.0988424996317,562.5000000008354,950.9160430490651
RAND,35,AUUC_cr_V2,1067.0988424995958,562.5000000008331,950.916043049041
RAND,35,AUUC_cr_V1V2(0.5),1067.0988424996085,562.5000000008313,950.9160430490501
Oracle,35,AUUC_cr_V1,1359.3126666460773,893.7499999978805,1344.8080665348573
Oracle,35,AUUC_cr_V2,1644.5376200335327,893.7499999978904,1194.7610532794502
Oracle,35,AUUC_cr_V1V2(0.5),1501.9251433398003,893.7499999978861,1269.7845599071625
NO0.1,35,AUUC_cr_V1,1379.0949912073381,891.2499999975777,1351.9636905586683
NO0.1,35,AUUC_cr_V2,1673.387293561011,891.249999997587,1251.2197179797186
NO0.1,35,AUUC_cr_V1V2(0.5),1526.2411423841695,891.2499999975832,1301.591704269202
NO0.5,35,AUUC_cr_V1,1349.2299366666866,858.7499999969865,1364.451579150445
NO0.5,35,AUUC_cr_V2,1737.866514110344,858.749999996994,1390.5305600107963
NO0.5,35,AUUC_cr_V1V2(0.5),1543.5482253885093,858.7499999969915,1377.4910695806286
NO1.0,35,AUUC_cr_V1,1343.1528991653825,833.7499999967342,1349.664401538046
NO1.0,35,AUUC_cr_V2,1716.2340710942178,833.7499999967415,1406.9820184850378
NO1.0,35,AUUC_cr_V1V2(0.5),1529.6934851297942,833.749999996739,1378.323210011549
NO2.0,35,AUUC_cr_V1,1352.356794022282,788.7499999946183,1307.3391652409664
NO2.0,35,AUUC_cr_V2,1709.1533286848355,788.7499999946241,1494.995075891777
NO2.0,35,AUUC_cr_V1V2(0.5),1530.7550613535514,788.7499999946237,1401.1671205663783
RAND,36,AUUC_cr_V1,800.2985662457327,562.5000000009086,950.9160430490651
RAND,36,AUUC_cr_V2,800.2985662457213,562.5000000009095,950.916043049041
RAND,36,AUUC_cr_V1V2(0.5),800.2985662457395,562.5000000009059,950.9160430490501
Oracle,36,AUUC_cr_V1,1219.6402823404171,893.7499999979235,1344.8080665348573
Oracle,36,AUUC_cr_V2,557.0193635388086,893.7499999979256,1194.7610532794502
Oracle,36,AUUC_cr_V1V2(0.5),888.329822939616,893.7499999979278,1269.7845599071625
NO0.1,36,AUUC_cr_V1,1219.6402823404171,893.7499999979235,1344.8080665348573
NO0.1,36,AUUC_cr_V2,557.0193635388086,893.7499999979256,1194.7610532794502
NO0.1,36,AUUC_cr_V1V2(0.5),888.329822939616,893.7499999979278,1269.7845599071625
NO0.5,36,AUUC_cr_V1,1163.3160299384015,848.7500000000908,1291.1640329279523
NO0.5,36,AUUC_cr_V2,544.0015361375091,848.7500000000953,987.2959074339088
NO0.5,36,AUUC_cr_V1V2(0.5),853.658783037959,848.7500000000938,1139.229970180937
NO1.0,36,AUUC_cr_V1,1200.2405470945098,806.2499999977622,1286.9892040236725
NO1.0,36,AUUC_cr_V2,443.91125662878545,806.2499999977684,937.9499803115655
NO1.0,36,AUUC_cr_V1V2(0.5),822.0759018616525,806.2499999977647,1112.469592167625
NO2.0,36,AUUC_cr_V1,1080.2353286515636,733.7499999976435,1200.7373973039505
NO2.0,36,AUUC_cr_V2,537.0621308266195,733.7499999976499,865.9457449033653
NO2.0,36,AUUC_cr_V1V2(0.5),808.6487297390968,733.7499999976455,1033.3415711036625
RAND,37,AUUC_cr_V1,1037.1813656131976,562.5000000010505,950.9160430490651
RAND,37,AUUC_cr_V2,1037.1813656131708,562.500000001055,950.916043049041
RAND,37,AUUC_cr_V1V2(0.5),1037.1813656131872,562.5000000010496,950.9160430490501
Oracle,37,AUUC_cr_V1,1575.1471267929212,893.7499999981469,1344.8080665348573
Oracle,37,AUUC_cr_V2,1403.2832414168806,893.7499999981534,1194.7610532794502
Oracle,37,AUUC_cr_V1V2(0.5),1489.2151841049076,893.7499999981503,1269.7845599071625
NO0.1,37,AUUC_cr_V1,1575.1471267929212,893.7499999981469,1344.8080665348573
NO0.1,37,AUUC_cr_V2,1403.2832414168806,893.7499999981534,1194.7610532794502
NO0.1,37,AUUC_cr_V1V2(0.5),1489.2151841049076,893.7499999981503,1269.7845599071625
NO0.5,37,AUUC_cr_V1,1517.920846220789,861.2499999977119,1277.1131353569558
NO0.5,37,AUUC_cr_V2,1392.8855567702199,861.2499999977189,1226.1169646297383
NO0.5,37,AUUC_cr_V1V2(0.5),1455.4032014955096,861.2499999977161,1251.6150499933563
NO1.0,37,AUUC_cr_V1,1467.128885545012,828.7499999973762,1246.5919484381952
NO1.0,37,AUUC_cr_V2,1440.9087568061095,828.749999997382,1212.608811151003
NO1.0,37,AUUC_cr_V1V2(0.5),1454.0188211755647,828.74999999738,1229.600379794609
NO2.0,37,AUUC_cr_V1,1325.043411815375,713.7499999930998,1111.7319847966962
NO2.0,37,AUUC_cr_V2,1394.586317377561,713.7499999931053,1173.5686347025153
NO2.0,37,AUUC_cr_V1V2(0.5),1359.81486459647,713.7499999931047,1142.6503097496152
RAND,38,AUUC_cr_V1,943.4404257005294,562.5000000009345,950.9160430490651
RAND,38,AUUC_cr_V2,943.4404257005299,562.5000000009313,950.916043049041
RAND,38,AUUC_cr_V1V2(0.5),943.4404257005281,562.5000000009331,950.9160430490501
Oracle,38,AUUC_cr_V1,1320.1096062303657,893.7499999980269,1344.8080665348573
Oracle,38,AUUC_cr_V2,1357.1154259095908,893.7499999980179,1194.7610532794502
Oracle,38,AUUC_cr_V1V2(0.5),1338.6125160699803,893.7499999980187,1269.7845599071625
NO0.1,38,AUUC_cr_V1,1320.1096062303657,893.7499999980269,1344.8080665348573
NO0.1,38,AUUC_cr_V2,1357.1154259095908,893.7499999980179,1194.7610532794502
NO0.1,38,AUUC_cr_V1V2(0.5),1338.6125160699803,893.7499999980187,1269.7845599071625
NO0.5,38,AUUC_cr_V1,1252.1938245006822,866.2499999999482,1285.5150180142016
NO0.5,38,AUUC_cr_V2,1225.543733789178,866.2499999999388,1055.2607302601134
NO0.5,38,AUUC_cr_V1V2(0.5),1238.8687791449322,866.2499999999395,1170.3878741371657
NO1.0,38,AUUC_cr_V1,1212.4608543187908,858.7499999993724,1265.2769529765962
NO1.0,38,AUUC_cr_V2,1266.5097666350655,858.749999999364,1042.8417624035178
NO1.0,38,AUUC_cr_V1V2(0.5),1239.4853104769302,858.749999999364,1154.0593576900656
NO2.0,38,AUUC_cr_V1,1180.012697739767,823.7499999981114,1235.3661458279119
NO2.0,38,AUUC_cr_V2,1190.8771215630038,823.7499999981047,965.7968737868571
NO2.0,38,AUUC_cr_V1V2(0.5),1185.4449096513886,823.7499999981039,1100.5815098073926
RAND,39,AUUC_cr_V1,796.4540191122642,562.5000000011528,950.9160430490651
RAND,39,AUUC_cr_V2,796.4540191122505,562.5000000011569,950.916043049041
RAND,39,AUUC_cr_V1V2(0.5),796.4540191122542,562.5000000011532,950.9160430490501
Oracle,39,AUUC_cr_V1,1198.4996906786075,893.7499999982863,1344.8080665348573
Oracle,39,AUUC_cr_V2,1275.4103900358768,893.7499999982979,1194.7610532794502
Oracle,39,AUUC_cr_V1V2(0.5),1236.9550403572414,893.7499999982899,1269.7845599071625
NO0.1,39,AUUC_cr_V1,1179.3529022364617,891.2499999978847,1335.8838289725995
NO0.1,39,AUUC_cr_V2,1218.3009610066438,891.2499999978954,1150.6061532413007
NO0.1,39,AUUC_cr_V1V2(0.5),1198.826931621552,891.2499999978878,1243.2449911069589
NO0.5,39,AUUC_cr_V1,1177.3916036260712,881.2499999968466,1313.0620435623264
NO0.5,39,AUUC_cr_V2,1088.0004547426051,881.2499999968564,1090.01706434687
NO0.5,39,AUUC_cr_V1V2(0.5),1132.696029184337,881.2499999968493,1201.539553954607
NO1.0,39,AUUC_cr_V1,1146.6348299882527,858.7499999945869,1284.2176058759164
NO1.0,39,AUUC_cr_V2,1049.1144125107724,858.7499999945965,1084.3360113395172
NO1.0,39,AUUC_cr_V1V2(0.5),1097.874621249511,858.7499999945896,1184.2768086077258
NO2.0,39,AUUC_cr_V1,1100.8926102987755,841.2499999952896,1248.6562470150147
NO2.0,39,AUUC_cr_V2,964.4690201413259,841.2499999952994,1052.4689285421468
NO2.0,39,AUUC_cr_V1V2(0.5),1032.6808152200488,841.2499999952922,1150.56258777859
RAND,40,AUUC_cr_V1,901.2078721497505,562.5000000008813,950.9160430490651
RAND,40,AUUC_cr_V2,901.2078721497564,562.5000000008913,950.916043049041
RAND,40,AUUC_cr_V1V2(0.5),901.2078721497637,562.5000000008822,950.9160430490501
Oracle,40,AUUC_cr_V1,1280.5030225743844,893.7499999979433,1344.8080665348573
Oracle,40,AUUC_cr_V2,924.2193207111934,893.7499999979427,1194.7610532794502
Oracle,40,AUUC_cr_V1V2(0.5),1102.3611716427865,893.7499999979433,1269.7845599071625
NO0.1,40,AUUC_cr_V1,1293.0762453085324,891.2499999976465,1351.9636905586683
NO0.1,40,AUUC_cr_V2,881.6398329983806,891.2499999976459,1251.2197179797186
NO0.1,40,AUUC_cr_V1V2(0.5),1087.3580391534535,891.2499999976468,1301.591704269202
NO0.5,40,AUUC_cr_V1,1281.9266231867223,868.7499999950584,1357.8920753388156
NO0.5,40,AUUC_cr_V2,966.175466058674,868.7499999950548,1310.49319419887
NO0.5,40,AUUC_cr_V1V2(0.5),1124.051044622696,868.7499999950574,1334.1926347688507
NO1.0,40,AUUC_cr_V1,1274.3205043318903,841.249999992839,1343.0645529132357
NO1.0,40,AUUC_cr_V2,1121.7117985870516,841.2499999928335,1421.1104402917647
NO1.0,40,AUUC_cr_V1V2(0.5),1198.0161514594683,841.2499999928369,1382.0874966025085
NO2.0,40,AUUC_cr_V1,1232.68762851113,771.2499999904637,1307.680020157259
NO2.0,40,AUUC_cr_V2,1134.864442418929,771.2499999904586,1455.4577762574638
NO2.0,40,AUUC_cr_V1V2(0.5),1183.7760354650263,771.249999990462,1381.5688982073689
RAND,41,AUUC_cr_V1,902.9573397331792,562.500000000975,950.9160430490651
RAND,41,AUUC_cr_V2,902.9573397332133,562.5000000009895,950.916043049041
RAND,41,AUUC_cr_V1V2(0.5),902.9573397331933,562.5000000009768,950.9160430490501
Oracle,41,AUUC_cr_V1,1254.399870726705,893.7499999980325,1344.8080665348573
Oracle,41,AUUC_cr_V2,995.142502556736,893.7499999980414,1194.7610532794502
Oracle,41,AUUC_cr_V1V2(0.5),1124.771186641726,893.7499999980364,1269.7845599071625
NO0.1,41,AUUC_cr_V1,1254.399870726705,893.7499999980325,1344.8080665348573
NO0.1,41,AUUC_cr_V2,995.142502556736,893.7499999980414,1194.7610532794502
NO0.1,41,AUUC_cr_V1V2(0.5),1124.771186641726,893.7499999980364,1269.7845599071625
NO0.5,41,AUUC_cr_V1,1131.25861606969,833.7500000018458,1246.9876660180726
NO0.5,41,AUUC_cr_V2,864.0230691039758,833.7500000018525,1148.57318435813
NO0.5,41,AUUC_cr_V1V2(0.5),997.6408425868373,833.7500000018478,1197.780425188109
NO1.0,41,AUUC_cr_V1,1070.9327683652582,811.2500000024502,1217.7509206901186
NO1.0,41,AUUC_cr_V2,851.4004858967874,811.2500000024571,1123.3605059852162
NO1.0,41,AUUC_cr_V1V2(0.5),961.1666271310272,811.2500000024519,1170.5557133376744
NO2.0,41,AUUC_cr_V1,990.9494033239303,723.7500000013125,1144.906198991283
NO2.0,41,AUUC_cr_V2,892.9451367312474,723.7500000013199,1157.8598314074584
NO2.0,41,AUUC_cr_V1V2(0.5),941.9472700275936,723.7500000013147,1151.3830151993773
RAND,42,AUUC_cr_V1,1032.3803757808373,562.5000000009259,950.9160430490651
RAND,42,AUUC_cr_V2,1032.3803757808528,562.5000000009386,950.916043049041
RAND,42,AUUC_cr_V1V2(0.5),1032.3803757808455,562.5000000009295,950.9160430490501
Oracle,42,AUUC_cr_V1,1447.7073809252133,893.749999998039,1344.8080665348573
Oracle,42,AUUC_cr_V2,1617.3826199983653,893.7499999980387,1194.7610532794502
Oracle,42,AUUC_cr_V1V2(0.5),1532.545000461787,893.7499999980397,1269.7845599071625
NO0.1,42,AUUC_cr_V1,1447.7073809252133,893.749999998039,1344.8080665348573
NO0.1,42,AUUC_cr_V2,1617.3826199983653,893.7499999980387,1194.7610532794502
NO0.1,42,AUUC_cr_V1V2(0.5),1532.545000461787,893.7499999980397,1269.7845599071625
NO0.5,42,AUUC_cr_V1,1373.6719511232966,858.7499999985488,1331.846630078433
NO0.5,42,AUUC_cr_V2,1478.0835259453813,858.7499999985474,1184.7417344528085
NO0.5,42,AUUC_cr_V1V2(0.5),1425.8777385343353,858.7499999985477,1258.2941822656271
NO1.0,42,AUUC_cr_V1,1280.107244779193,813.7499999970613,1299.127923984295
NO1.0,42,AUUC_cr_V2,1415.6460018736402,813.7499999970602,1238.4012408336823
NO1.0,42,AUUC_cr_V1V2(0.5),1347.8766233264118,813.7499999970604,1268.7645824089948
NO2.0,42,AUUC_cr_V1,1143.8036429442936,726.2499999980259,1179.879363479167
NO2.0,42,AUUC_cr_V2,1210.507471139179,726.249999998022,1182.4691669066049
NO2.0,42,AUUC_cr_V1V2(0.5),1177.155557041732,726.2499999980245,1181.1742651928907
RAND,43,AUUC_cr_V1,940.5834903329383,562.50000000104,950.9160430490651
RAND,43,AUUC_cr_V2,940.5834903329451,562.5000000010259,950.916043049041
RAND,43,AUUC_cr_V1V2(0.5),940.5834903329342,562.5000000010332,950.9160430490501
Oracle,43,AUUC_cr_V1,1526.5383399078457,893.7499999981893,1344.8080665348573
Oracle,43,AUUC_cr_V2,1504.7948692521743,893.749999998182,1194.7610532794502
Oracle,43,AUUC_cr_V1V2(0.5),1515.6666045800023,893.7499999981809,1269.7845599071625
NO0.1,43,AUUC_cr_V1,1526.5383399078457,893.7499999981893,1344.8080665348573
NO0.1,43,AUUC_cr_V2,1504.7948692521743,893.749999998182,1194.7610532794502
NO0.1,43,AUUC_cr_V1V2(0.5),1515.6666045800023,893.7499999981809,1269.7845599071625
NO0.5,43,AUUC_cr_V1,1516.9237493071619,858.7499999970289,1317.3792926572294
NO0.5,43,AUUC_cr_V2,1657.80347304948,858.7499999970224,1330.5665028681499
NO0.5,43,AUUC_cr_V1V2(0.5),1587.3636111783137,858.7499999970203,1323.972897762698
NO1.0,43,AUUC_cr_V1,1481.5647447581196,823.7499999985868,1277.6940326963254
NO1.0,43,AUUC_cr_V2,1575.622755480471,823.7499999985799,1346.885556005026
NO1.0,43,AUUC_cr_V1V2(0.5),1528.5937501192877,823.7499999985795,1312.2897943506835
NO2.0,43,AUUC_cr_V1,1458.3852079748585,821.2499999987273,1269.224812646488
NO2.0,43,AUUC_cr_V2,1469.5618431124933,821.2499999987205,1284.698114687489
NO2.0,43,AUUC_cr_V1V2(0.5),1463.9735255436688,821.2499999987195,1276.9614636669965
RAND,44,AUUC_cr_V1,967.1058098647704,562.5000000008704,950.9160430490651
RAND,44,AUUC_cr_V2,967.1058098647336,562.5000000008731,950.916043049041
RAND,44,AUUC_cr_V1V2(0.5),967.1058098647591,562.5000000008713,950.9160430490501
Oracle,44,AUUC_cr_V1,1305.510367742747,893.749999997933,1344.8080665348573
Oracle,44,AUUC_cr_V2,1034.4747381625289,893.7499999979408,1194.7610532794502
Oracle,44,AUUC_cr_V1V2(0.5),1169.9925529526367,893.7499999979362,1269.7845599071625
NO0.1,44,AUUC_cr_V1,1296.895616189641,891.2499999976419,1351.9636905586683
NO0.1,44,AUUC_cr_V2,1182.9618375385244,891.2499999976492,1251.2197179797186
NO0.1,44,AUUC_cr_V1V2(0.5),1239.928726864082,891.2499999976449,1301.591704269202
NO0.5,44,AUUC_cr_V1,1283.4318448193771,856.2499999949541,1333.0423097292871
NO0.5,44,AUUC_cr_V2,1367.2166095937744,856.2499999949598,1450.0086383282774
NO0.5,44,AUUC_cr_V1V2(0.5),1325.324227206577,856.2499999949564,1391.5254740287912
NO1.0,44,AUUC_cr_V1,1241.3743476814445,771.2499999920273,1273.0210821001426
NO1.0,44,AUUC_cr_V2,1364.535966680504,771.2499999920315,1421.4824588055142
NO1.0,44,AUUC_cr_V1V2(0.5),1302.955157180976,771.2499999920285,1347.2517704528373
NO2.0,44,AUUC_cr_V1,1207.8107364782677,706.2499999902308,1215.617147651321
NO2.0,44,AUUC_cr_V2,1318.2622031040237,706.2499999902343,1375.7843120768778
NO2.0,44,AUUC_cr_V1V2(0.5),1263.036469791147,706.2499999902325,1295.7007298641076
RAND,45,AUUC_cr_V1,982.1413514036763,562.5000000009181,950.9160430490651
RAND,45,AUUC_cr_V2,982.1413514036794,562.5000000009386,950.916043049041
RAND,45,AUUC_cr_V1V2(0.5),982.1413514036722,562.5000000009186,950.9160430490501
Oracle,45,AUUC_cr_V1,1391.408675471726,893.7499999979877,1344.8080665348573
Oracle,45,AUUC_cr_V2,820.7612086914396,893.7499999979984,1194.7610532794502
Oracle,45,AUUC_cr_V1V2(0.5),1106.0849420815798,893.7499999979879,1269.7845599071625
NO0.1,45,AUUC_cr_V1,1391.408675471726,893.7499999979877,1344.8080665348573
NO0.1,45,AUUC_cr_V2,820.7612086914396,893.7499999979984,1194.7610532794502
NO0.1,45,AUUC_cr_V1V2(0.5),1106.0849420815798,893.7499999979879,1269.7845599071625
NO0.5,45,AUUC_cr_V1,1381.3707068390927,881.249999996693,1332.8110655971993
NO0.5,45,AUUC_cr_V2,823.9015035246583,881.2499999967033,1157.1810467845014
NO0.5,45,AUUC_cr_V1V2(0.5),1102.6361051818726,881.2499999966932,1244.9960561908586
NO1.0,45,AUUC_cr_V1,1361.2570171350812,846.2499999934746,1331.0437168143135
NO1.0,45,AUUC_cr_V2,1055.747433067256,846.2499999934838,1303.6823422864668
NO1.0,45,AUUC_cr_V1V2(0.5),1208.5022251011662,846.2499999934753,1317.363029550398
NO2.0,45,AUUC_cr_V1,1372.988449641077,798.7499999887683,1317.8499796516874
NO2.0,45,AUUC_cr_V2,1057.0425454747285,798.7499999887776,1304.1975004284636
NO2.0,45,AUUC_cr_V1V2(0.5),1215.0154975579007,798.74999998877,1311.023740040084
RAND,46,AUUC_cr_V1,1022.0007318299095,562.5000000011578,950.9160430490651
RAND,46,AUUC_cr_V2,1022.0007318298922,562.5000000011496,950.916043049041
RAND,46,AUUC_cr_V1V2(0.5),1022.0007318299049,562.5000000011623,950.9160430490501
Oracle,46,AUUC_cr_V1,1352.0897761945807,893.7499999982615,1344.8080665348573
Oracle,46,AUUC_cr_V2,1486.4994710909225,893.7499999982617,1194.7610532794502
Oracle,46,AUUC_cr_V1V2(0.5),1419.2946236427495,893.7499999982624,1269.7845599071625
NO0.1,46,AUUC_cr_V1,1352.0897761945807,893.7499999982615,1344.8080665348573
NO0.1,46,AUUC_cr_V2,1486.4994710909225,893.7499999982617,1194.7610532794502
NO0.1,46,AUUC_cr_V1V2(0.5),1419.2946236427495,893.7499999982624,1269.7845599071625
NO0.5,46,AUUC_cr_V1,1319.6703403880108,881.2499999974629,1313.3184804000616
NO0.5,46,AUUC_cr_V2,1452.86075168087,881.2499999974627,1214.1911896990134
NO0.5,46,AUUC_cr_V1V2(0.5),1386.2655460344374,881.2499999974634,1263.754835049547
NO1.0,46,AUUC_cr_V1,1238.3737795798327,846.2499999965481,1280.468415580715
NO1.0,46,AUUC_cr_V2,1146.0918486556577,846.2499999965468,1010.4488421548883
NO1.0,46,AUUC_cr_V1V2(0.5),1192.232814117743,846.2499999965489,1145.4586288678113
NO2.0,46,AUUC_cr_V1,1177.6230587099226,798.7499999968186,1240.4669551310978
NO2.0,46,AUUC_cr_V2,1086.3594099901322,798.7499999968162,1002.1112577749766
NO2.0,46,AUUC_cr_V1V2(0.5),1131.9912343500248,798.7499999968192,1121.2891064530463
RAND,47,AUUC_cr_V1,858.3977552835436,562.5000000009691,950.9160430490651
RAND,47,AUUC_cr_V2,858.3977552835277,562.5000000009677,950.916043049041
RAND,47,AUUC_cr_V1V2(0.5),858.3977552835422,562.5000000009622,950.9160430490501
Oracle,47,AUUC_cr_V1,1356.7807692481988,893.7499999980402,1344.8080665348573
Oracle,47,AUUC_cr_V2,933.3138266792869,893.7499999980471,1194.7610532794502
Oracle,47,AUUC_cr_V1V2(0.5),1145.0472979637416,893.7499999980364,1269.7845599071625
NO0.1,47,AUUC_cr_V1,1348.8819306972325,891.2499999977398,1351.9636905586683
NO0.1,47,AUUC_cr_V2,1034.841538808775,891.2499999977467,1251.2197179797186
NO0.1,47,AUUC_cr_V1V2(0.5),1191.861734753003,891.2499999977365,1301.591704269202
NO0.5,47,AUUC_cr_V1,1277.369606741568,863.7499999970307,1326.9342248449625
NO0.5,47,AUUC_cr_V2,1151.9129818993044,863.7499999970357,1252.4831241163556
NO0.5,47,AUUC_cr_V1V2(0.5),1214.6412943204368,863.7499999970274,1289.7086744806663
NO1.0,47,AUUC_cr_V1,1105.2382353956289,776.2499999974323,1215.778296350368
NO1.0,47,AUUC_cr_V2,1233.5041409570651,776.2499999974353,1206.0325655370318
NO1.0,47,AUUC_cr_V1V2(0.5),1169.3711881763486,776.2499999974301,1210.9054309437051
NO2.0,47,AUUC_cr_V1,960.0214483293411,678.7499999952095,1082.8806384518991
NO2.0,47,AUUC_cr_V2,1358.2496346978132,678.7499999952125,1224.7027607410023
NO2.0,47,AUUC_cr_V1V2(0.5),1159.13554151358,678.7499999952078,1153.7916995964558
RAND,48,AUUC_cr_V1,1109.6057453981293,562.5000000009313,950.9160430490651
RAND,48,AUUC_cr_V2,1109.6057453980939,562.5000000009313,950.916043049041
RAND,48,AUUC_cr_V1V2(0.5),1109.6057453981084,562.500000000935,950.9160430490501
Oracle,48,AUUC_cr_V1,1487.2762733959737,893.7499999979865,1344.8080665348573
Oracle,48,AUUC_cr_V2,1110.9512250500195,893.7499999979891,1194.7610532794502
Oracle,48,AUUC_cr_V1V2(0.5),1299.1137492229957,893.7499999979894,1269.7845599071625
NO0.1,48,AUUC_cr_V1,1487.2762733959737,893.7499999979865,1344.8080665348573
NO0.1,48,AUUC_cr_V2,1110.9512250500195,893.7499999979891,1194.7610532794502
NO0.1,48,AUUC_cr_V1V2(0.5),1299.1137492229957,893.7499999979894,1269.7845599071625
NO0.5,48,AUUC_cr_V1,1482.9346198120961,876.2499999960369,1329.3224719894852
NO0.5,48,AUUC_cr_V2,1102.341546824512,876.2499999960397,1294.8972780116876
NO0.5,48,AUUC_cr_V1V2(0.5),1292.6380833183025,876.2499999960398,1312.1098750005947
NO1.0,48,AUUC_cr_V1,1413.0661170898904,828.7499999955701,1251.9517020542821
NO1.0,48,AUUC_cr_V2,852.5172314637759,828.749999995572,1207.3220483854498
NO1.0,48,AUUC_cr_V1V2(0.5),1132.7916742768311,828.7499999955724,1229.6368752198732
NO2.0,48,AUUC_cr_V1,1413.0661170898904,828.7499999955701,1251.9517020542821
NO2.0,48,AUUC_cr_V2,852.5172314637759,828.749999995572,1207.3220483854498
NO2.0,48,AUUC_cr_V1V2(0.5),1132.7916742768311,828.7499999955724,1229.6368752198732
RAND,49,AUUC_cr_V1,1237.764184277139,562.5000000010309,950.9160430490651
RAND,49,AUUC_cr_V2,1237.7641842771482,562.5000000010223,950.916043049041
RAND,49,AUUC_cr_V1V2(0.5),1237.7641842771372,562.5000000010277,950.9160430490501
Oracle,49,AUUC_cr_V1,1721.893627213374,893.7499999981342,1344.8080665348573
Oracle,49,AUUC_cr_V2,1809.7403162363821,893.7499999981271,1194.7610532794502
Oracle,49,AUUC_cr_V1V2(0.5),1765.8169717248811,893.7499999981306,1269.7845599071625
NO0.1,49,AUUC_cr_V1,1751.9702089219063,891.2499999978348,1351.9636905586683
NO0.1,49,AUUC_cr_V2,1854.6602250621972,891.249999997828,1251.2197179797186
NO0.1,49,AUUC_cr_V1V2(0.5),1803.3152169920543,891.249999997831,1301.591704269202
NO0.5,49,AUUC_cr_V1,1682.2209457390163,861.2499999967953,1311.6888817544657
NO0.5,49,AUUC_cr_V2,1837.8556561696566,861.2499999967906,1212.3707084941307
NO0.5,49,AUUC_cr_V1V2(0.5),1760.0383009543402,861.2499999967927,1262.0297951243053
NO1.0,49,AUUC_cr_V1,1681.361447043369,848.749999995618,1313.4784668157656
NO1.0,49,AUUC_cr_V2,1879.9291478797359,848.7499999956141,1279.8854901112525
NO1.0,49,AUUC_cr_V1V2(0.5),1780.6452974615559,848.7499999956151,1296.681978463516
NO2.0,49,AUUC_cr_V1,1608.575734672094,823.7499999957587,1265.317252476233
NO2.0,49,AUUC_cr_V2,1808.8054039064132,823.7499999957552,1247.9826204990118
NO2.0,49,AUUC_cr_V1V2(0.5),1708.6905692892587,823.749999995756,1256.6499364876292
RAND,50,AUUC_cr_V1,725.3126605005577,562.5000000008831,950.9160430490651
RAND,50,AUUC_cr_V2,725.3126605005855,562.5000000008804,950.916043049041
RAND,50,AUUC_cr_V1V2(0.5),725.3126605005691,562.500000000884,950.9160430490501
Oracle,50,AUUC_cr_V1,1098.2119085555312,893.7499999979538,1344.8080665348573
Oracle,50,AUUC_cr_V2,851.3356620397442,893.7499999979576,1194.7610532794502
Oracle,50,AUUC_cr_V1V2(0.5),974.7737852976346,893.749999997953,1269.7845599071625
NO0.1,50,AUUC_cr_V1,1098.2119085555312,893.7499999979538,1344.8080665348573
NO0.1,50,AUUC_cr_V2,851.3356620397442,893.7499999979576,1194.7610532794502
NO0.1,50,AUUC_cr_V1V2(0.5),974.7737852976346,893.749999997953,1269.7845599071625
NO0.5,50,AUUC_cr_V1,975.0758970260155,838.7500000019837,1258.239187115263
NO0.5,50,AUUC_cr_V2,742.9836615830006,838.750000001987,1116.7240800819711
NO0.5,50,AUUC_cr_V1V2(0.5),859.0297793045039,838.7500000019816,1187.4816335986245
NO1.0,50,AUUC_cr_V1,928.8429596213989,831.2500000013742,1244.4039456454043
NO1.0,50,AUUC_cr_V2,707.5423835125854,831.2500000013772,1100.4030633202947
NO1.0,50,AUUC_cr_V1V2(0.5),818.1926715669889,831.2500000013715,1172.4035044828572
NO2.0,50,AUUC_cr_V1,916.9074746567715,768.7500000000477,1217.6199217979322
NO2.0,50,AUUC_cr_V2,688.4917435720638,768.75000000005,1074.4966799019842
NO2.0,50,AUUC_cr_V1V2(0.5),802.6996091144156,768.7500000000426,1146.0583008499655
